<?xml version="1.0" encoding="UTF-8"?>
<project-private xmlns="http://www.netbeans.org/ns/project-private/1">
    <editor-bookmarks xmlns="http://www.netbeans.org/ns/editor-bookmarks/2" lastBookmarkId="0"/>
    <open-files xmlns="http://www.netbeans.org/ns/projectui-open-files/2">
        <group>
            <file>file:/C:/Users/ram-pt3531/Documents/NetBeansProjects/EmployeeInfo/src/employeeinfo/Filter.java</file>
            <file>file:/C:/Users/ram-pt3531/Documents/NetBeansProjects/EmployeeInfo/src/employeeinfo/EmployeeInfo.java</file>
            <file>file:/C:/Users/ram-pt3531/Documents/NetBeansProjects/EmployeeInfo/src/EmployeeBackEnd/EmployeeDB.java</file>
            <file>file:/C:/Users/ram-pt3531/Documents/NetBeansProjects/EmployeeInfo/src/InputOperation/InputOperation.java</file>
            <file>file:/C:/Users/ram-pt3531/Documents/NetBeansProjects/EmployeeInfo/src/EmployeeBackEnd/SummaryDetail.java</file>
        </group>
    </open-files>
</project-private>
